,id,link,price,description,area0,link_ad_79807605,https://www.immobiliare.it/annunci/79807605/,399000,Talenti negozio c/1 con grande visibilita',1701,link_ad_79518675,https://www.immobiliare.it/annunci/79518675/,59000,Adriatico - viale tirreno,222,link_ad_74485606,https://www.immobiliare.it/annunci/74485606/,390000,Locale commerciale finemente ristrutturato - ottima rendita,4083,link_ad_78406801,https://www.immobiliare.it/annunci/78406801/,80000,Nuovo salario - via suvereto,354,link_ad_65865831,https://www.immobiliare.it/annunci/65865831/,100000,no description,306,link_ad_74496664,https://www.immobiliare.it/annunci/74496664/,190000,no description,707,link_ad_78824463,https://www.immobiliare.it/annunci/78824463/,159000,Cessione di locale a reddito,358,link_ad_74669830,https://www.immobiliare.it/annunci/74669830/,179000,Locale commerciale ristrutturato in via d’ovidio,1409,link_ad_69910146,https://www.immobiliare.it/annunci/69910146/,89000,Negozio  talenti - via francesco d’ovidio 58 mq,5810,link_ad_74836318,https://www.immobiliare.it/annunci/74836318/,44000,Irripetibile affare ,5011,link_ad_71786938,https://www.immobiliare.it/annunci/71786938/,330000,Casale nei - porta di roma - via cesco baseggio,15012,link_ad_71942008,https://www.immobiliare.it/annunci/71942008/,330000,Negozio c/1 mq 450 in zona montesacro,45013,link_ad_79615547,https://www.immobiliare.it/annunci/79615547/,180000,Ottimo investimento negozio in vendita via graf,3514,link_ad_79690129,https://www.immobiliare.it/annunci/79690129/,199000,Talenti via carlo dossi 48 mq,4815,link_ad_79689705,https://www.immobiliare.it/annunci/79689705/,89000,Talenti via luciano zuccoli negozio 70 mq 2 vetrine,7016,link_ad_77205274,https://www.immobiliare.it/annunci/77205274/,260000,Negozio ampia metratura con canna fumaria,9117,link_ad_76522908,https://www.immobiliare.it/annunci/76522908/,290000,no description,15518,link_ad_73641976,https://www.immobiliare.it/annunci/73641976/,330000,Negozio c/1 mq 450 in zona montesacro,45019,link_ad_79313371,https://www.immobiliare.it/annunci/79313371/,280000,Montesacro - locale commerciale 220mq - in vendita,22020,link_ad_76607226,https://www.immobiliare.it/annunci/76607226/,230000,"Rif. 19-022-02, Talenti, Via Spegazzini",12121,link_ad_76610160,https://www.immobiliare.it/annunci/76610160/,278000,"Roma, talenti | 2 livelli - alta densita'",14522,link_ad_76608482,https://www.immobiliare.it/annunci/76608482/,287000,"Roma, talenti | 2 livelli - alta densita'",15023,link_ad_76609052,https://www.immobiliare.it/annunci/76609052/,309000,"Roma, talenti | 2 livelli - alta densita'",16524,link_ad_76608096,https://www.immobiliare.it/annunci/76608096/,287000,"Rif. 19-022-03, Talenti, Via Spegazzini",15225,link_ad_79773061,https://www.immobiliare.it/annunci/79773061/,220000,Via sacco pastore_ negozio a reddito,11026,link_ad_74120606,https://www.immobiliare.it/annunci/74120606/,90000,Locale commerciale con vetrina su strada,3028,link_ad_79378485,https://www.immobiliare.it/annunci/79378485/,168000,Nuovo salario negozio in vendita ad. piazza minucciano,7029,link_ad_67578095,https://www.immobiliare.it/annunci/67578095/,75000,Montesacro,4030,link_ad_79341653,https://www.immobiliare.it/annunci/79341653/,1306112,Autosilo interrato,356231,link_ad_75200000,https://www.immobiliare.it/annunci/75200000/,79000,Ottimo investimento ,8032,link_ad_73766340,https://www.immobiliare.it/annunci/73766340/,193000,Locale commerciale con tre vetrine su strada,7233,link_ad_68424205,https://www.immobiliare.it/annunci/68424205/,79000,"Locale commerciale 2 livelli € 79.000,00",6834,link_ad_78960473,https://www.immobiliare.it/annunci/78960473/,130000,Negozio nel cuore di nuovo salario,6035,link_ad_72151296,https://www.immobiliare.it/annunci/72151296/,1200000,Talenti - ampia autorimessa con doppia rampa di accesso,140036,link_ad_73460150,https://www.immobiliare.it/annunci/73460150/,120000,Talenti/casal de pazzi viale marx locale c/1,6037,link_ad_74621072,https://www.immobiliare.it/annunci/74621072/,190000,Conca d'oro via valle vermiglio,8038,link_ad_72056158,https://www.immobiliare.it/annunci/72056158/,195000,Locale commerciale in vendita a roma in via lorenzini,7039,link_ad_75878404,https://www.immobiliare.it/annunci/75878404/,79000,Vendita locale bilivello c1  ad.ze nomentana - espero,6040,link_ad_62510302,https://www.immobiliare.it/annunci/62510302/,962000,Locale commerciale  piazza sempione 740 mq,74041,link_ad_76516266,https://www.immobiliare.it/annunci/76516266/,115000,Via valsugana negozio c1 vetrina su strada,3042,link_ad_59819724,https://www.immobiliare.it/annunci/59819724/,88000,Negozio in vendita in via adolfo albertazzi - talenti,4443,link_ad_78343401,https://www.immobiliare.it/annunci/78343401/,169000,Vigne nuove locale c/1 di mq 105 lordi,10544,link_ad_70100292,https://www.immobiliare.it/annunci/70100292/,850000,Locale commerciale  conca d'oro rendita 7%,30045,link_ad_64588761,https://www.immobiliare.it/annunci/64588761/,69000,Bufalotta,3546,link_ad_75279354,https://www.immobiliare.it/annunci/75279354/,1300000,Piazza ottaviano vimercati locale commerciale di 400mq,40047,link_ad_76080540,https://www.immobiliare.it/annunci/76080540/,51000,"Talenti, via giovanni verga",4048,link_ad_67987623,https://www.immobiliare.it/annunci/67987623/,95000,Talenti - italo svevo,5049,link_ad_78341589,https://www.immobiliare.it/annunci/78341589/,209000,Vigne nuove locale c/1 di mq 120 lordi,12050,link_ad_73139042,https://www.immobiliare.it/annunci/73139042/,115000,Casal de' pazzi - via casal de' pazzi -,4551,link_ad_76355710,https://www.immobiliare.it/annunci/76355710/,80000,Locale commerciale - via spluga 10,2652,link_ad_76357940,https://www.immobiliare.it/annunci/76357940/,79000,Locale commerciale - talenti - via luciano zuccoli,7053,link_ad_69781186,https://www.immobiliare.it/annunci/69781186/,295000,Locale commerciale,20054,link_ad_78638847,https://www.immobiliare.it/annunci/78638847/,450000,Vendesi mura + attivita',10055,link_ad_76162562,https://www.immobiliare.it/annunci/76162562/,128000,no description,5556,link_ad_79609327,https://www.immobiliare.it/annunci/79609327/,440000,Locale via val senio - conca d'oro,15058,link_ad_71975896,https://www.immobiliare.it/annunci/71975896/,75000,Negozio a reddito in vendita - conca d'oro,2559,link_ad_79496685,https://www.immobiliare.it/annunci/79496685/,140000,no description,13360,link_ad_77863658,https://www.immobiliare.it/annunci/77863658/,275000,no description,11561,link_ad_78373533,https://www.immobiliare.it/annunci/78373533/,465000,Via conca d'oro locale commerciale 100 mq,10062,link_ad_78882713,https://www.immobiliare.it/annunci/78882713/,168000,Ampio locale commerciale in zona di passaggio,20063,link_ad_74611946,https://www.immobiliare.it/annunci/74611946/,72000,Nomentano-viale carnaro / c1 nuovo a reddito,3064,link_ad_70100708,https://www.immobiliare.it/annunci/70100708/,450000,"Locale commerciale rendita 7,2%",11065,link_ad_79197049,https://www.immobiliare.it/annunci/79197049/,109000,Locale commerciale a reddito,3766,link_ad_71117368,https://www.immobiliare.it/annunci/71117368/,130000,Locale commerciale in vendita a roma vicino via nomentana ottimo uso investimento,6967,link_ad_74095542,https://www.immobiliare.it/annunci/74095542/,49000,no description,3068,link_ad_76162816,https://www.immobiliare.it/annunci/76162816/,95000,no description,2369,link_ad_78638887,https://www.immobiliare.it/annunci/78638887/,80000,Negozio - viale jonio,2070,link_ad_74227118,https://www.immobiliare.it/annunci/74227118/,225000,Locale commerciale via gaspara stampa,7071,link_ad_74993730,https://www.immobiliare.it/annunci/74993730/,96000,no description,5072,link_ad_51207051,https://www.immobiliare.it/annunci/51207051/,69000,no description,15073,link_ad_74594712,https://www.immobiliare.it/annunci/74594712/,120000,Salaria/ val melania negozio adiacente metro jonio,9074,link_ad_49456379,https://www.immobiliare.it/annunci/49456379/,70000,no description,5075,link_ad_79612933,https://www.immobiliare.it/annunci/79612933/,48000,no description,3576,link_ad_76132754,https://www.immobiliare.it/annunci/76132754/,120000,Negozio nuovo salario via giuseppe valmarana 50 mq,5077,link_ad_79499049,https://www.immobiliare.it/annunci/79499049/,69000,Montesacro espero negozio in vendita,3578,link_ad_77913968,https://www.immobiliare.it/annunci/77913968/,336000,Via nomentana nuova-negozio,9679,link_ad_79603835,https://www.immobiliare.it/annunci/79603835/,370000,"Locale/negozio in vendita a roma, monte sacro",40080,link_ad_73259030,https://www.immobiliare.it/annunci/73259030/,85000,Via adamello - locale commerciale,3581,link_ad_71854778,https://www.immobiliare.it/annunci/71854778/,95000,"Negozio in vendita a roma, monte sacro",2883,link_ad_72261726,https://www.immobiliare.it/annunci/72261726/,450000,Nuovo salario via agliana,57484,link_ad_76178556,https://www.immobiliare.it/annunci/76178556/,70000,Locale commerciale,4585,link_ad_79708099,https://www.immobiliare.it/annunci/79708099/,250000,Ampio locale commerciale con rampa -talenti- gaspara stampa,27686,link_ad_77790654,https://www.immobiliare.it/annunci/77790654/,99000,Talenti/zio d'america negozio  di 52 mq. una vetrina piano t,5287,link_ad_78305573,https://www.immobiliare.it/annunci/78305573/,7000000,no description,300088,link_ad_78627683,https://www.immobiliare.it/annunci/78627683/,440000,Vendita locale commerciale ad. metro conca d'oro,15089,link_ad_74291462,https://www.immobiliare.it/annunci/74291462/,1200,Negozio via montaione,6090,link_ad_78203052,https://www.immobiliare.it/annunci/78203052/,40000,"Locale/negozio in vendita a roma, conca d'oro",2491,link_ad_74226922,https://www.immobiliare.it/annunci/74226922/,180000,Locale commerciale via valle borbera roma,6592,link_ad_76767394,https://www.immobiliare.it/annunci/76767394/,118000,no description,5593,link_ad_66508669,https://www.immobiliare.it/annunci/66508669/,2500000,no description,220094,link_ad_78709597,https://www.immobiliare.it/annunci/78709597/,149000,Talenti - via l. bertelli locale c/1,9095,link_ad_78841609,https://www.immobiliare.it/annunci/78841609/,338000,Montesacro,11796,link_ad_69348540,https://www.immobiliare.it/annunci/69348540/,30000,no description,3097,link_ad_68279201,https://www.immobiliare.it/annunci/68279201/,85000,Bar ad. metro conca d'oro,5098,link_ad_78889837,https://www.immobiliare.it/annunci/78889837/,180000,Locale commerciale in vendita zona montesacro adriatico,7099,link_ad_65657361,https://www.immobiliare.it/annunci/65657361/,65000,Via val di chienti 73,40100,link_ad_76460618,https://www.immobiliare.it/annunci/76460618/,240000,Piazza filattiera,80101,link_ad_77394252,https://www.immobiliare.it/annunci/77394252/,90000,Locale commerciale via val di sangro,44102,link_ad_76065318,https://www.immobiliare.it/annunci/76065318/,75000,Negozio con soppalco via valpolicella,40103,link_ad_73565406,https://www.immobiliare.it/annunci/73565406/,2100000,Roma - piastra commerciale in via delle vigne nuove n. 551,2210104,link_ad_79371751,https://www.immobiliare.it/annunci/79371751/,75000,Locale commerciale in vendita in zona montesacro,50105,link_ad_66858607,https://www.immobiliare.it/annunci/66858607/,350000,Autorimessa via gran sasso,600106,link_ad_79294655,https://www.immobiliare.it/annunci/79294655/,90000,no description,45107,link_ad_70512942,https://www.immobiliare.it/annunci/70512942/,70000,Conca d'oro via valle martello,30108,link_ad_70226716,https://www.immobiliare.it/annunci/70226716/,89000,no description,40109,link_ad_79525331,https://www.immobiliare.it/annunci/79525331/,749000,Nuovo salario - via di valle melaina ,214110,link_ad_78552493,https://www.immobiliare.it/annunci/78552493/,168000,Montesacro negozio in vendita,102111,link_ad_78632693,https://www.immobiliare.it/annunci/78632693/,130000,Locale commerciale negozio in vendita a talenti,25112,link_ad_77137054,https://www.immobiliare.it/annunci/77137054/,189000,Montesacro,50113,link_ad_71546098,https://www.immobiliare.it/annunci/71546098/,450000,no description,200114,link_ad_77250710,https://www.immobiliare.it/annunci/77250710/,620000,Vendita locale commerciale - via conca d'oro,1000115,link_ad_72990278,https://www.immobiliare.it/annunci/72990278/,279000,Negozio bufalotta,70116,link_ad_69242140,https://www.immobiliare.it/annunci/69242140/,320000,Talenti- via grazia deledda-,641117,link_ad_54976082,https://www.immobiliare.it/annunci/54976082/,450000,no description,140118,link_ad_75880386,https://www.immobiliare.it/annunci/75880386/,85000,Via veronica gambara - ristrutturato e libero da subito -,40119,link_ad_74125864,https://www.immobiliare.it/annunci/74125864/,360000,Talenti vendesi locale commerciale a reddito,120120,link_ad_79160245,https://www.immobiliare.it/annunci/79160245/,270000,Locale commerciale c/1 adiacente metro jonio,104121,link_ad_72396388,https://www.immobiliare.it/annunci/72396388/,230000,Locale commerciale - talenti ,120122,link_ad_77757850,https://www.immobiliare.it/annunci/77757850/,400000,Rendita annuale euro 30.000,200123,link_ad_78412725,https://www.immobiliare.it/annunci/78412725/,109000,Nuovo salario localec/1,34124,link_ad_79013603,https://www.immobiliare.it/annunci/79013603/,128000,Conca d'oro val maggia,45125,link_ad_74311978,https://www.immobiliare.it/annunci/74311978/,59000,Locale commerciale ristrutturato,30126,link_ad_61145930,https://www.immobiliare.it/annunci/61145930/,99000,Via monte maloia,55127,link_ad_78549341,https://www.immobiliare.it/annunci/78549341/,80000,Negozio in vendita roma monte sacro - 35 mq una vetrina via val sassina,35128,link_ad_72265712,https://www.immobiliare.it/annunci/72265712/,55000,Nuovo salario,34129,link_ad_78112646,https://www.immobiliare.it/annunci/78112646/,59000,no description,85130,link_ad_78166342,https://www.immobiliare.it/annunci/78166342/,170000,no description,80131,link_ad_76002600,https://www.immobiliare.it/annunci/76002600/,520000,no description,200132,link_ad_79488121,https://www.immobiliare.it/annunci/79488121/,48000,no description,14134,link_ad_62356590,https://www.immobiliare.it/annunci/62356590/,39900,Talenti - via alfredo panzini,40135,link_ad_79198847,https://www.immobiliare.it/annunci/79198847/,165000,Locale in vendita a reddito - zona jonio,35136,link_ad_46346095,https://www.immobiliare.it/annunci/46346095/,248000,no description,150137,link_ad_74092558,https://www.immobiliare.it/annunci/74092558/,68000,Negozio via valdinievole,40138,link_ad_72444610,https://www.immobiliare.it/annunci/72444610/,69000,Locale commerciale zona espero,38139,link_ad_79269329,https://www.immobiliare.it/annunci/79269329/,170000,Vendesi attivita' bar gastronomia tavola calda - zona jonio,104140,link_ad_77532154,https://www.immobiliare.it/annunci/77532154/,80000,Locale commerciale - via isidoro del lungo (talenti),52141,link_ad_68448809,https://www.immobiliare.it/annunci/68448809/,85000,Valle corteno,35142,link_ad_58826680,https://www.immobiliare.it/annunci/58826680/,450000,no description,150143,link_ad_63395438,https://www.immobiliare.it/annunci/63395438/,720000,Pub mura ed attivita pluriennale mq.150 conca d'oro,150144,link_ad_34008238,https://www.immobiliare.it/annunci/34008238/,689000,no description,110145,link_ad_74769180,https://www.immobiliare.it/annunci/74769180/,220000,no description,90146,link_ad_78112668,https://www.immobiliare.it/annunci/78112668/,98000,no description,50147,link_ad_78241363,https://www.immobiliare.it/annunci/78241363/,80000,Via valle corteno negozio,50148,link_ad_76721620,https://www.immobiliare.it/annunci/76721620/,69000,Vero affare !!!,21149,link_ad_79268429,https://www.immobiliare.it/annunci/79268429/,270000,Vendesi locale commerciale - zona jonio,104150,link_ad_74111180,https://www.immobiliare.it/annunci/74111180/,248000,Nomentano/ espero   via val d'ossola locale c/1,110151,link_ad_65657191,https://www.immobiliare.it/annunci/65657191/,700000,no description,470152,link_ad_77450690,https://www.immobiliare.it/annunci/77450690/,150000,Negozio con canna fumaria,80153,link_ad_47217929,https://www.immobiliare.it/annunci/47217929/,640000,no description,320154,link_ad_47219477,https://www.immobiliare.it/annunci/47219477/,640000,no description,320155,link_ad_74111178,https://www.immobiliare.it/annunci/74111178/,348000,Talenti - via a.  graf  locali commerciali,95156,link_ad_47237403,https://www.immobiliare.it/annunci/47237403/,730000,no description,370158,link_ad_69868478,https://www.immobiliare.it/annunci/69868478/,55000,Cessione/subentro,100159,link_ad_77130266,https://www.immobiliare.it/annunci/77130266/,330000,Negozio porta di roma,150160,link_ad_48193147,https://www.immobiliare.it/annunci/48193147/,1200000,Vendesi locale talenti,700161,link_ad_53157469,https://www.immobiliare.it/annunci/53157469/,70000,no description,40162,link_ad_71380742,https://www.immobiliare.it/annunci/71380742/,150000,"Negozio viale tirreno, roma",80163,link_ad_79548517,https://www.immobiliare.it/annunci/79548517/,58000,Vendita locale commerciale  a reddito - zona montesacro,30164,link_ad_69161826,https://www.immobiliare.it/annunci/69161826/,497000,no description,346165,link_ad_74429044,https://www.immobiliare.it/annunci/74429044/,890000,Nomentana jacopo san nazzaro,1000166,link_ad_71152048,https://www.immobiliare.it/annunci/71152048/,245000,Conca d'oro locale a reddito molto interessante,90167,link_ad_66098763,https://www.immobiliare.it/annunci/66098763/,140000,no description,40168,link_ad_74114524,https://www.immobiliare.it/annunci/74114524/,1989000,Prati fiscali negozio angolare,400169,link_ad_78682767,https://www.immobiliare.it/annunci/78682767/,700000,Negozio 2 porte via ugo ojetti,80170,link_ad_75797818,https://www.immobiliare.it/annunci/75797818/,279000,no description,70171,link_ad_70922308,https://www.immobiliare.it/annunci/70922308/,130000,Città giardino locale commerciale viale carnaro,35172,link_ad_66098767,https://www.immobiliare.it/annunci/66098767/,359000,no description,91173,link_ad_77423980,https://www.immobiliare.it/annunci/77423980/,950000,Talenti / via ugo ojetti,240174,link_ad_73068390,https://www.immobiliare.it/annunci/73068390/,385000,Conca d oro val di lanzo bar,200175,link_ad_72896664,https://www.immobiliare.it/annunci/72896664/,22000,no description,14176,link_ad_71716008,https://www.immobiliare.it/annunci/71716008/,2800000,"Nomentano, locale affittato ad istituto bancario + negozi",1350177,link_ad_79405651,https://www.immobiliare.it/annunci/79405651/,420000,no description,155178,link_ad_79589177,https://www.immobiliare.it/annunci/79589177/,399000,Montesacro - via delle valli,150179,link_ad_67273459,https://www.immobiliare.it/annunci/67273459/,11580000,no description,5180,link_ad_79278399,https://www.immobiliare.it/annunci/79278399/,29000,no description,25181,link_ad_79718207,https://www.immobiliare.it/annunci/79718207/,69000,no description,50182,link_ad_78564159,https://www.immobiliare.it/annunci/78564159/,160000,no description,70183,link_ad_77163036,https://www.immobiliare.it/annunci/77163036/,15999,no description,70184,link_ad_69571794,https://www.immobiliare.it/annunci/69571794/,259000,no description,52185,link_ad_78185356,https://www.immobiliare.it/annunci/78185356/,850000,no description,170186,link_ad_78867343,https://www.immobiliare.it/annunci/78867343/,85000,no description,66187,link_ad_77421188,https://www.immobiliare.it/annunci/77421188/,80000,no description,58188,link_ad_78218986,https://www.immobiliare.it/annunci/78218986/,300000,no description,150189,link_ad_78363219,https://www.immobiliare.it/annunci/78363219/,69000,no description,30190,link_ad_79278337,https://www.immobiliare.it/annunci/79278337/,49000,no description,25191,link_ad_58609970,https://www.immobiliare.it/annunci/58609970/,670000,no description,280